building_id,sec_id
4495,2147483647
2351,2147483647
4445,2147483647
1861,2147483647
772,2147483647
1096,2147483647
5060,2147483647
1380,2147483647
1333,2147483647
4783,2147483647
2465,2147483647
2774,2147483647
5,2147483647
702,2147483647
3459,2147483647
2117,2147483647
5255,2147483647
5907,2147483647
2350,2147483647
2727,2147483647
3765,2147483647
2347,2147483647
4247,2147483647
2972,2147483647
5034,2147483647
178,2147483647
2186,2147483647
4935,2147483647
1661,2147483647
1326,2147483647
1444,2147483647
4054,2147483647
1680,2147483647
5104,2147483647
2471,2147483647
337,2147483647
679,2147483647
5226,2147483647
2603,2147483647
1483,2147483647
4280,2147483647
3795,2147483647
4449,2147483647
3334,2147483647
5746,2147483647
1868,2147483647
5188,2147483647
5531,2147483647
3152,2147483647
2467,2147483647
3757,2147483647
4756,2147483647
2102,2147483647
1461,2147483647
3753,2147483647
1343,2147483647
764,2147483647
2165,2147483647
324,2147483647
2737,2147483647
4522,2147483647
4773,2147483647
1072,2147483647
2251,2147483647
5372,2147483647
411,2147483647
532,2147483647
4079,2147483647
4167,0
3200,2147483647
253,2147483647
4871,2147483647
1092,2147483647
1857,2147483647
1275,2147483647
4394,2147483647
3040,2147483647
3689,2147483647
2567,2147483647
662,2147483647
3378,2147483647
5107,2147483647
912,2147483647
2610,2147483647
1090,2147483647
2812,2147483647
3056,2147483647
3464,2147483647
3663,2147483647
4173,0
3012,2147483647
2544,2147483647
5559,2147483647
1009,2147483647
942,2147483647
1719,2147483647
3916,2147483647
676,2147483647
1336,2147483647
2285,2147483647
2793,2147483647
5463,2147483647
207,2147483647
3263,2147483647
331,2147483647
1717,2147483647
499,2147483647
2545,2147483647
1264,2147483647
701,2147483647
3525,2147483647
2964,2147483647
3425,2147483647
3226,2147483647
238,2147483647
5355,2147483647
1753,2147483647
2250,2147483647
3389,2147483647
725,2147483647
5684,2147483647
516,2147483647
1272,2147483647
2795,2147483647
771,2147483647
1716,2147483647
2751,2147483647
2394,2147483647
4358,2147483647
3058,2147483647
5303,2147483647
27,2147483647
4002,2147483647
2716,2147483647
4795,2147483647
5428,2147483647
4243,2147483647
2858,2147483647
1421,2147483647
2273,2147483647
3356,2147483647
2473,2147483647
3915,2147483647
2388,2147483647
396,2147483647
6012,2147483647
660,2147483647
4945,2147483647
1246,2147483647
4314,2147483647
3676,2147483647
140,2147483647
26,2147483647
766,2147483647
4101,2147483647
2782,2147483647
4648,2147483647
2814,2147483647
4703,2147483647
5111,2147483647
2578,2147483647
202,2147483647
4390,2147483647
1639,2147483647
2593,2147483647
3340,2147483647
719,2147483647
3564,2147483647
4812,2147483647
4010,2147483647
1592,2147483647
5931,2147483647
1019,2147483647
2670,2147483647
3540,2147483647
3084,2147483647
2563,2147483647
4963,2147483647
5334,2147483647
730,2147483647
5011,0
5373,2147483647
2214,2147483647
3480,2147483647
4269,2147483647
1190,2147483647
4344,2147483647
1922,2147483647
815,2147483647
4998,2147483647
695,2147483647
1980,2147483647
2325,2147483647
2529,2147483647
4103,0
4768,2147483647
5009,2147483647
753,2147483647
686,2147483647
4466,2147483647
510,2147483647
4062,2147483647
2201,2147483647
749,2147483647
783,2147483647
2744,2147483647
145,2147483647
4288,2147483647
3945,2147483647
2944,2147483647
4018,2147483647
4990,2147483647
1522,2147483647
2653,2147483647
2161,2147483647
5695,2147483647
4461,2147483647
2582,2147483647
5494,2147483647
3153,2147483647
903,2147483647
2608,0
3658,2147483647
1389,2147483647
4305,2147483647
1612,2147483647
5707,2147483647
2248,2147483647
5727,2147483647
1750,2147483647
1206,2147483647
5688,2147483647
6010,2147483647
5126,2147483647
2847,2147483647
4026,2147483647
4744,2147483647
3727,2147483647
4740,2147483647
1093,2147483647
1784,2147483647
4317,2147483647
4906,2147483647
439,2147483647
1876,2147483647
3536,2147483647
4791,2147483647
4334,2147483647
1466,2147483647
5401,2147483647
4897,2147483647
3422,2147483647
525,2147483647
328,2147483647
2823,2147483647
2483,2147483647
2289,2147483647
1833,2147483647
1998,2147483647
1643,2147483647
998,2147483647
857,0
3156,2147483647
1859,2147483647
2667,2147483647
4090,2147483647
1028,2147483647
5046,2147483647
4508,2147483647
1430,2147483647
3448,2147483647
5896,2147483647
1115,2147483647
2996,2147483647
164,2147483647
3677,2147483647
685,2147483647
3867,2147483647
5797,2147483647
3112,2147483647
80,2147483647
1447,2147483647
4611,2147483647
4613,2147483647
2565,2147483647
5488,2147483647
3969,2147483647
4238,2147483647
1469,2147483647
1507,2147483647
2457,2147483647
5082,2147483647
3,2147483647
1123,2147483647
4836,2147483647
1552,2147483647
6007,2147483647
2523,2147483647
2948,2147483647
1411,2147483647
3396,2147483647
3942,2147483647
5180,2147483647
4208,2147483647
1286,2147483647
2163,2147483647
4831,2147483647
3529,2147483647
2986,2147483647
3182,2147483647
4263,2147483647
4551,2147483647
5307,2147483647
438,2147483647
2659,2147483647
4864,2147483647
1839,2147483647
2164,2147483647
2541,2147483647
924,2147483647
2753,2147483647
4550,2147483647
3405,2147483647
2522,2147483647
5429,2147483647
1263,2147483647
5631,2147483647
1939,2147483647
496,2147483647
5058,2147483647
5050,2147483647
5492,2147483647
2216,2147483647
5448,2147483647
1557,2147483647
5129,2147483647
2188,2147483647
4556,2147483647
2882,2147483647
2191,2147483647
3487,2147483647
3983,2147483647
760,2147483647
2867,2147483647
1626,2147483647
2150,2147483647
705,2147483647
5189,2147483647
2662,2147483647
5327,2147483647
1189,2147483647
3408,2147483647
4824,2147483647
2324,2147483647
5509,2147483647
3984,2147483647
4117,2147483647
2631,2147483647
110,2147483647
5535,2147483647
3678,2147483647
2719,2147483647
494,2147483647
3256,2147483647
3655,2147483647
4778,2147483647
5691,2147483647
3670,2147483647
5529,2147483647
1887,2147483647
4622,2147483647
2981,2147483647
1126,2147483647
834,2147483647
5846,2147483647
847,2147483647
4739,2147483647
1969,2147483647
4016,2147483647
4656,2147483647
431,2147483647
4323,2147483647
1127,2147483647
2705,2147483647
2458,2147483647
5694,2147483647
529,2147483647
4125,2147483647
1235,2147483647
3451,2147483647
5365,2147483647
489,2147483647
119,2147483647
4008,2147483647
5212,2147483647
5038,2147483647
1647,2147483647
5597,2147483647
2825,2147483647
2845,2147483647
615,2147483647
3092,2147483647
761,2147483647
3374,2147483647
4370,2147483647
3365,2147483647
4994,2147483647
93,2147483647
4020,2147483647
1165,2147483647
838,2147483647
5144,2147483647
333,2147483647
2713,2147483647
1534,2147483647
2449,2147483647
2259,2147483647
2370,2147483647
1917,2147483647
3538,2147483647
5268,2147483647
3189,2147483647
2261,2147483647
73,2147483647
2566,2147483647
1488,2147483647
4322,2147483647
48,2147483647
1685,2147483647
2594,2147483647
1708,2147483647
5611,2147483647
5871,2147483647
4896,2147483647
1209,2147483647
5336,2147483647
3454,2147483647
4292,2147483647
5523,2147483647
5789,2147483647
2177,2147483647
714,2147483647
4893,2147483647
4432,2147483647
2966,2147483647
5712,2147483647
3273,2147483647
2992,2147483647
4373,2147483647
4369,2147483647
1130,2147483647
880,2147483647
1927,2147483647
4937,2147483647
2820,2147483647
359,2147483647
2556,2147483647
3902,2147483647
1407,2147483647
4670,2147483647
2784,2147483647
1441,2147483647
3080,2147483647
648,2147483647
812,2147483647
246,2147483647
2204,2147483647
2466,2147483647
353,2147483647
2382,2147483647
4764,2147483647
4943,2147483647
5648,2147483647
1818,2147483647
3976,2147483647
5287,2147483647
5936,0
3399,2147483647
3904,2147483647
4006,2147483647
3333,2147483647
5985,2147483647
4483,2147483647
5229,2147483647
2215,2147483647
4399,2147483647
5628,2147483647
1076,2147483647
5475,2147483647
59,2147483647
4846,2147483647
3424,2147483647
160,2147483647
2065,2147483647
3548,2147483647
4301,2147483647
5660,2147483647
2447,2147483647
2427,2147483647
4121,2147483647
5003,2147483647
4456,2147483647
1249,2147483647
4654,2147483647
3237,2147483647
3044,2147483647
1341,2147483647
3214,2147483647
4315,2147483647
129,2147483647
1627,2147483647
1196,2147483647
249,2147483647
603,2147483647
4595,2147483647
1302,2147483647
2673,2147483647
1513,2147483647
5444,2147483647
947,2147483647
4616,2147483647
4304,2147483647
2857,2147483647
4608,2147483647
5637,2147483647
828,2147483647
2884,2147483647
1695,2147483647
3493,2147483647
3216,2147483647
709,2147483647
1899,2147483647
1524,2147483647
1320,2147483647
3473,2147483647
2420,0
2482,2147483647
737,2147483647
5344,2147483647
347,2147483647
3114,2147483647
5337,2147483647
5767,2147483647
5087,2147483647
5755,0
1095,2147483647
315,2147483647
5178,2147483647
1505,2147483647
655,2147483647
1728,2147483647
4138,2147483647
4313,2147483647
2903,2147483647
2126,2147483647
2287,2147483647
502,2147483647
2561,2147483647
2124,2147483647
2249,2147483647
5794,2147483647
4506,2147483647
3944,2147483647
2725,2147483647
4621,2147483647
2305,2147483647
4463,2147483647
635,2147483647
920,2147483647
1216,2147483647
5728,2147483647
2212,2147483647
5934,2147483647
1432,2147483647
1870,2147483647
2706,2147483647
5102,2147483647
2927,2147483647
713,2147483647
4073,2147483647
2674,2147483647
3672,2147483647
4180,2147483647
1440,2147483647
4371,2147483647
5865,2147483647
2691,2147483647
472,2147483647
3097,2147483647
2411,2147483647
1290,2147483647
3702,2147483647
4181,2147483647
4597,2147483647
2244,2147483647
1632,2147483647
2175,2147483647
668,2147483647
5512,2147483647
3871,2147483647
3027,2147483647
3666,2147483647
5901,2147483647
1829,2147483647
5737,2147483647
37,2147483647
770,2147483647
3959,2147483647
4870,2147483647
807,2147483647
4954,2147483647
811,2147483647
1508,2147483647
4318,2147483647
146,2147483647
3032,2147483647
2537,2147483647
5571,2147483647
2160,2147483647
2036,2147483647
1147,2147483647
4968,2147483647
5113,2147483647
5057,2147483647
598,2147483647
3787,2147483647
2392,0
3623,2147483647
6,2147483647
1187,2147483647
5043,2147483647
3470,2147483647
907,2147483647
704,2147483647
2804,2147483647
1712,2147483647
4222,2147483647
628,2147483647
3650,2147483647
5952,0
5442,2147483647
4829,2147483647
1392,2147483647
3351,2147483647
5413,2147483647
1087,2147483647
3544,2147483647
5674,2147483647
408,2147483647
174,2147483647
5943,2147483647
3219,2147483647
1919,2147483647
4225,2147483647
2629,2147483647
876,2147483647
868,2147483647
755,2147483647
2530,2147483647
3278,2147483647
414,2147483647
4732,2147483647
3349,2147483647
435,2147483647
2997,2147483647
4845,2147483647
3895,2147483647
5917,2147483647
544,2147483647
24,2147483647
3960,2147483647
92,2147483647
5324,2147483647
1304,2147483647
5227,2147483647
2481,2147483647
4687,2147483647
2035,2147483647
4605,2147483647
5072,2147483647
1812,2147483647
5157,2147483647
4596,2147483647
2311,2147483647
4188,2147483647
1089,2147483647
1363,2147483647
3014,2147483647
99,2147483647
3293,2147483647
2811,2147483647
873,2147483647
4330,2147483647
1037,2147483647
3807,2147483647
5763,2147483647
240,2147483647
2224,2147483647
2792,2147483647
3337,2147483647
2648,2147483647
3953,2147483647
1873,2147483647
4335,2147483647
4267,2147483647
2993,2147483647
639,2147483647
1024,2147483647
4625,2147483647
2237,2147483647
4396,2147483647
6013,2147483647
4102,2147483647
71,2147483647
1121,2147483647
1490,2147483647
1260,2147483647
5053,2147483647
247,2147483647
3139,2147483647
3240,2147483647
1435,2147483647
4440,2147483647
5799,2147483647
559,2147483647
5784,2147483647
4888,2147483647
1700,2147483647
3023,2147483647
5030,2147483647
5543,2147483647
4360,2147483647
3476,2147483647
768,2147483647
2353,2147483647
3511,2147483647
1846,2147483647
5274,2147483647
4490,2147483647
1439,2147483647
4821,2147483647
1502,2147483647
56,2147483647
1874,2147483647
5998,2147483647
3543,2147483647
2284,2147483647
3428,2147483647
4473,2147483647
4684,2147483647
5923,2147483647
5915,2147483647
4086,2147483647
5919,2147483647
710,2147483647
1296,2147483647
7,2147483647
338,2147483647
4296,2147483647
316,2147483647
4667,2147483647
5806,2147483647
1729,2147483647
3324,2147483647
4539,2147483647
3229,2147483647
4194,2147483647
1867,2147483647
2586,2147483647
556,2147483647
1454,2147483647
1345,2147483647
1404,2147483647
3917,2147483647
767,2147483647
1920,2147483647
1903,2147483647
2817,2147483647
5243,2147483647
871,2147483647
5286,2147483647
2942,2147483647
5024,2147483647
2302,2147483647
2639,0
1481,2147483647
4839,2147483647
3181,2147483647
5566,2147483647
1033,2147483647
5809,2147483647
2442,2147483647
1486,2147483647
2194,2147483647
5309,2147483647
380,2147483647
5263,2147483647
2854,2147483647
2524,2147483647
733,2147483647
684,2147483647
1820,2147483647
3125,2147483647
5840,2147483647
3750,2147483647
2851,2147483647
288,2147483647
3411,2147483647
2203,2147483647
5247,2147483647
5085,2147483647
2788,2147483647
1240,2147483647
1588,2147483647
1666,2147483647
5159,2147483647
4,2147483647
3994,2147483647
1494,2147483647
4364,2147483647
5855,2147483647
5048,2147483647
3377,2147483647
2383,2147483647
83,2147483647
3692,2147483647
5211,2147483647
4987,2147483647
1529,2147483647
5059,2147483647
2380,2147483647
1743,2147483647
2396,2147483647
1174,2147483647
742,2147483647
3995,2147483647
2550,2147483647
2585,2147483647
4122,2147483647
2527,2147483647
1570,2147483647
5861,2147483647
217,2147483647
3939,2147483647
798,2147483647
2354,2147483647
1759,2147483647
3927,2147483647
5730,2147483647
1393,2147483647
2372,2147483647
4355,2147483647
5713,2147483647
1976,2147483647
2526,2147483647
1714,2147483647
5681,2147483647
4458,2147483647
4065,2147483647
2980,2147483647
40,2147483647
2395,2147483647
1683,2147483647
2319,2147483647
4666,2147483647
2601,2147483647
4096,2147483647
2951,0
3940,2147483647
5990,2147483647
703,2147483647
582,2147483647
1672,2147483647
443,2147483647
5191,2147483647
4745,2147483647
2294,2147483647
2517,2147483647
1116,2147483647
3462,2147483647
4710,0
5679,2147483647
5151,2147483647
1865,2147483647
4827,2147483647
9,2147483647
3069,2147483647
6003,2147483647
1262,2147483647
3659,2147483647
4241,2147483647
5224,2147483647
1403,2147483647
2142,2147483647
3932,2147483647
1428,2147483647
2010,2147483647
3435,2147483647
2651,2147483647
4410,2147483647
65,2147483647
4961,2147483647
2883,2147483647
2246,2147483647
3884,2147483647
3130,2147483647
3036,2147483647
4503,2147483647
299,2147483647
257,2147483647
4674,2147483647
4070,2147483647
3127,2147483647
5466,2147483647
1551,2147483647
1995,2147483647
842,2147483647
5600,2147483647
4799,2147483647
5037,2147483647
5077,2147483647
2326,2147483647
3934,2147483647
199,2147483647
2417,2147483647
2425,2147483647
674,2147483647
2839,2147483647
4306,2147483647
1064,2147483647
4310,2147483647
1559,2147483647
4004,2147483647
3947,2147483647
3088,2147483647
2559,2147483647
5778,2147483647
2711,2147483647
3251,2147483647
5614,2147483647
962,2147483647
210,2147483647
5404,2147483647
3204,2147483647
4024,2147483647
5266,2147483647
4151,2147483647
2656,2147483647
5173,2147483647
5935,2147483647
3691,2147483647
4262,2147483647
5863,2147483647
2181,2147483647
4276,2147483647
4324,2147483647
972,2147483647
5515,2147483647
383,2147483647
168,2147483647
467,2147483647
1327,2147483647
4353,2147483647
2242,2147483647
4333,2147483647
4891,2147483647
430,2147483647
3839,2147483647
2917,2147483647
3576,2147483647
4244,2147483647
321,2147483647
113,2147483647
751,2147483647
4299,2147483647
4395,2147483647
4892,2147483647
1576,2147483647
2397,2147483647
4211,2147483647
611,2147483647
1533,2147483647
1097,2147483647
5368,2147483647
228,2147483647
2223,2147483647
793,2147483647
422,2147483647
2171,2147483647
5796,2147483647
694,2147483647
4477,2147483647
2676,2147483647
1140,2147483647
1074,2147483647
4391,2147483647
5928,2147483647
5289,2147483647
3270,2147483647
3739,2147483647
5860,2147483647
4112,2147483647
4251,2147483647
5366,2147483647
2596,2147483647
5167,2147483647
4568,2147483647
2924,2147483647
3001,2147483647
739,2147483647
1346,2147483647
629,2147483647
4202,2147483647
1141,2147483647
2694,2147483647
1082,2147483647
1234,2147483647
4233,2147483647
2590,2147483647
1350,2147483647
1053,2147483647
5762,2147483647
4206,2147483647
5824,2147483647
4908,2147483647
4240,2147483647
1921,2147483647
5322,2147483647
5812,2147483647
5252,2147483647
3385,2147483647
3886,2147483647
3554,2147483647
1945,2147483647
5939,2147483647
287,2147483647
1749,2147483647
4242,2147483647
5609,2147483647
1499,2147483647
2907,2147483647
3943,2147483647
3390,2147483647
3010,2147483647
1047,2147483647
4416,2147483647
5793,2147483647
2229,2147483647
3402,2147483647
3778,2147483647
2499,2147483647
1478,2147483647
163,2147483647
1837,2147483647
835,2147483647
2308,2147483647
5581,2147483647
802,2147483647
237,2147483647
5576,2147483647
2459,2147483647
2365,2147483647
1044,2147483647
2840,2147483647
5623,2147483647
5195,2147483647
1335,2147483647
5633,2147483647
4910,2147483647
3929,2147483647
4338,2147483647
1138,2147483647
1892,2147483647
3133,2147483647
2756,2147483647
49,2147483647
3336,2147483647
1399,2147483647
884,2147483647
3850,2147483647
5594,2147483647
5785,2147483647
4617,2147483647
1112,2147483647
3388,2147483647
2179,2147483647
25,2147483647
1648,2147483647
4547,2147483647
5538,2147483647
1496,2147483647
5216,2147483647
3872,2147483647
3761,2147483647
4926,2147483647
2412,2147483647
2881,2147483647
3788,2147483647
4401,2147483647
4789,2147483647
2245,2147483647
775,2147483647
4319,2147483647
1360,2147483647
2696,2147483647
1610,2147483647
3949,2147483647
3369,2147483647
3975,2147483647
3874,2147483647
2033,2147483647
2399,2147483647
565,2147483647
4437,2147483647
1607,2147483647
5098,2147483647
2375,2147483647
2162,2147483647
1909,2147483647
4843,2147483647
4933,2147483647
195,2147483647
266,2147483647
4204,2147483647
1537,2147483647
910,2147483647
800,2147483647
5479,2147483647
1088,2147483647
5927,2147483647
4191,2147483647
5419,2147483647
5086,2147483647
3253,2147483647
2209,2147483647
536,2147483647
3341,2147483647
966,2147483647
5332,2147483647
3792,2147483647
5835,2147483647
4774,2147483647
1704,2147483647
2542,2147483647
4348,2147483647
4471,2147483647
1414,2147483647
3047,2147483647
4834,2147483647
3809,2147483647
2463,2147483647
1366,2147483647
3516,2147483647
4832,2147483647
5225,2147483647
2313,2147483647
4706,2147483647
5725,2147483647
5997,2147483647
1819,2147483647
708,2147483647
1287,2147483647
5235,2147483647
4499,2147483647
2775,2147483647
2830,2147483647
4859,2147483647
1129,2147483647
3974,2147483647
2862,2147483647
5879,0
384,2147483647
2138,2147483647
4255,2147483647
3021,2147483647
3118,2147483647
778,2147483647
5236,2147483647
784,2147483647
3583,2147483647
5841,2147483647
4049,2147483647
1108,2147483647
4178,2147483647
1168,2147483647
3427,2147483647
1520,2147483647
1322,2147483647
4586,2147483647
1026,2147483647
2356,2147483647
1426,2147483647
2875,2147483647
306,2147483647
2243,2147483647
368,2147483647
750,2147483647
5696,2147483647
4966,2147483647
0,2147483647
3613,2147483647
2666,2147483647
4746,2147483647
3375,2147483647
4197,2147483647
2799,2147483647
5700,2147483647
3501,2147483647
2364,2147483647
5913,2147483647
5284,2147483647
2896,2147483647
4252,2147483647
1651,2147483647
4405,2147483647
148,2147483647
3697,2147483647
2192,2147483647
4316,2147483647
6008,2147483647
5367,2147483647
3232,2147483647
1669,2147483647
4489,2147483647
715,2147483647
2852,2147483647
3008,2147483647
4052,2147483647
3264,2147483647
5834,2147483647
4890,2147483647
1450,2147483647
5317,2147483647
5273,2147483647
596,2147483647
5820,2147483647
3272,2147483647
789,2147483647
2352,2147483647
4691,2147483647
5498,2147483647
4425,2147483647
852,2147483647
335,2147483647
780,2147483647
2936,2147483647
176,2147483647
3380,2147483647
3596,2147483647
4413,2147483647
1295,2147483647
939,2147483647
2762,2147483647
3403,2147483647
239,2147483647
241,2147483647
6017,0
170,2147483647
1175,2147483647
781,2147483647
2860,2147483647
5096,2147483647
740,2147483647
2576,2147483647
4140,2147483647
4329,2147483647
420,2147483647
830,2147483647
3561,2147483647
707,2147483647
2988,2147483647
2487,2147483647
2058,2147483647
5347,2147483647
514,2147483647
3085,2147483647
4037,2147483647
946,2147483647
3370,2147483647
4501,2147483647
4229,2147483647
3673,2147483647
230,2147483647
2260,2147483647
1032,2147483647
407,2147483647
4685,2147483647
101,2147483647
1299,2147483647
5398,2147483647
345,2147483647
5930,2147483647
1679,2147483647
4099,2147483647
428,2147483647
1232,2147483647
5874,2147483647
1436,2147483647
3381,2147483647
4034,2147483647
5280,2147483647
4336,2147483647
5929,2147483647
3811,2147483647
4651,2147483647
1814,2147483647
4719,2147483647
2600,2147483647
2990,2147483647
1636,2147483647
1825,2147483647
1584,2147483647
2300,2147483647
5264,2147483647
5573,2147483647
4850,2147483647
1184,2147483647
5285,2147483647
1991,2147483647
2634,2147483647
3736,2147483647
5482,2147483647
3780,2147483647
4895,2147483647
3835,2147483647
3268,2147483647
4962,2147483647
2406,2147483647
5556,2147483647
2769,2147483647
136,2147483647
3857,2147483647
3310,2147483647
2575,2147483647
5146,2147483647
1198,2147483647
4928,2147483647
116,2147483647
1535,2147483647
1464,2147483647
765,2147483647
5994,2147483647
3062,2147483647
2658,2147483647
2843,2147483647
2,2147483647
2798,2147483647
1059,2147483647
5103,2147483647
2460,2147483647
3041,2147483647
5732,2147483647
4639,2147483647
2536,2147483647
5213,2147483647
3194,2147483647
5302,2147483647
4886,2147483647
4500,2147483647
5693,2147483647
5520,2147483647
5705,2147483647
1608,2147483647
3034,2147483647
1424,2147483647
2733,2147483647
3841,2147483647
5604,2147483647
3925,2147483647
1358,2147483647
1853,2147483647
1303,2147483647
4592,2147483647
445,0
5867,2147483647
33,2147483647
696,2147483647
5403,2147483647
5319,2147483647
3321,2147483647
2355,2147483647
3987,2147483647
4083,2147483647
3679,2147483647
758,2147483647
3093,2147483647
743,2147483647
1387,2147483647
1017,2147483647
3900,2147483647
3192,2147483647
914,2147483647
4887,2147483647
3973,2147483647
2110,2147483647
149,2147483647
1370,2147483647
4254,2147483647
5541,2147483647
5548,2147483647
4163,2147483647
4419,2147483647
4588,2147483647
1382,2147483647
4663,2147483647
4340,2147483647
487,2147483647
1267,2147483647
3087,2147483647
1725,2147483647
2337,2147483647
5338,2147483647
4032,2147483647
756,2147483647
3468,2147483647
3433,2147483647
1878,2147483647
2230,2147483647
5596,2147483647
3587,2147483647
3161,2147483647
1915,2147483647
2405,2147483647
3260,2147483647
15,2147483647
3121,2147483647
4755,2147483647
5986,2147483647
698,2147483647
769,2147483647
3437,2147483647
3890,2147483647
5944,2147483647
410,2147483647
344,2147483647
4155,2147483647
4351,2147483647
2137,2147483647
4737,2147483647
3762,2147483647
1930,0
5052,2147483647
52,2147483647
735,2147483647
5641,2147483647
5349,2147483647
5405,0
2277,2147483647
1135,2147483647
5029,2147483647
3363,2147483647
1468,2147483647
4894,2147483647
4479,2147483647
1928,2147483647
53,2147483647
717,2147483647
3359,2147483647
4342,0
2450,2147483647
223,2147483647
4899,2147483647
3035,2147483647
5095,2147483647
3144,2147483647
3444,2147483647
5267,2147483647
3335,2147483647
2446,2147483647
2359,2147483647
2100,2147483647
1176,2147483647
3391,2147483647
3636,2147483647
5214,2147483647
1574,2147483647
2239,2147483647
18,2147483647
263,2147483647
349,2147483647
2827,2147483647
2488,2147483647
3063,2147483647
1628,2147483647
371,2147483647
731,2147483647
1400,2147483647
3724,2147483647
2780,2147483647
3442,2147483647
4580,2147483647
2979,2147483647
4289,2147483647
4362,2147483647
747,2147483647
4747,2147483647
5424,2147483647
2222,2147483647
2105,2147483647
1518,2147483647
3066,2147483647
3717,2147483647
4545,2147483647
2872,2147483647
236,2147483647
794,2147483647
4141,2147483647
4753,2147483647
3910,2147483647
180,2147483647
2748,2147483647
1386,2147483647
3053,2147483647
5006,2147483647
3004,2147483647
2984,2147483647
4981,0
4738,2147483647
4219,2147483647
3339,2147483647
3731,2147483647
2310,2147483647
5703,2147483647
5654,2147483647
1619,2147483647
5460,2147483647
2496,2147483647
3981,2147483647
1229,2147483647
2555,2147483647
5358,2147483647
2462,2147483647
2132,2147483647
256,2147483647
62,2147483647
243,2147483647
3372,2147483647
1283,2147483647
2312,2147483647
90,2147483647
4632,2147483647
77,2147483647
2754,2147483647
1314,2147483647
3175,2147483647
5253,2147483647
1212,2147483647
5508,2147483647
5590,2147483647
1191,2147483647
665,2147483647
265,2147483647
4200,2147483647
1616,2147483647
518,2147483647
2485,2147483647
106,2147483647
4593,2147483647
4237,2147483647
1476,2147483647
1100,2147483647
3326,2147483647
1353,2147483647
5440,2147483647
2801,2147483647
4848,2147483647
5773,2147483647
251,2147483647
2546,2147483647
2056,2147483647
3095,2147483647
745,2147483647
1824,2147483647
3574,2147483647
917,2147483647
284,2147483647
5294,2147483647
259,2147483647
5400,2147483647
2265,2147483647
1662,2147483647
2961,2147483647
4378,2147483647
3320,2147483647
5186,2147483647
5305,2147483647
4497,2147483647
5112,2147483647
2552,2147483647
1573,2147483647
2689,2147483647
2114,2147483647
2042,2147483647
4068,2147483647
888,2147483647
473,2147483647
5258,2147483647
205,2147483647
3430,2147483647
2699,2147483647
5602,2147483647
4057,2147483647
2357,2147483647
1056,2147483647
2734,2147483647
2469,2147483647
3721,2147483647
1885,2147483647
2715,2147483647
5063,2147483647
4452,2147483647
412,2147483647
2865,2147483647
897,2147483647
3999,2147483647
4736,2147483647
4974,2147483647
4844,2147483647
2905,2147483647
5801,2147483647
4941,2147483647
5487,2147483647
3556,2147483647
1446,2147483647
4028,2147483647
3779,2147483647
5620,2147483647
3833,2147483647
2723,2147483647
651,2147483647
3212,2147483647
818,2147483647
374,2147483647
4303,2147483647
4347,2147483647
3882,2147483647
121,2147483647
4128,2147483647
5719,2147483647
5239,2147483647
2892,2147483647
1997,2147483647
2511,2147483647
547,2147483647
3186,2147483647
4480,2147483647
2480,2147483647
4491,2147483647
4533,2147483647
5116,2147483647
14,2147483647
5906,2147483647
1886,2147483647
4275,2147483647
3050,2147483647
190,2147483647
4214,2147483647
5776,2147483647
2657,2147483647
3441,2147483647
3866,2147483647
5468,2147483647
152,2147483647
1084,2147483647
721,2147483647
2655,2147483647
4392,2147483647
4920,2147483647
3854,2147483647
369,2147483647
1644,2147483647
5090,2147483647
5249,2147483647
3643,2147483647
1214,2147483647
3813,2147483647
4352,2147483647
2155,2147483647
2174,2147483647
2514,2147483647
3147,2147483647
1156,2147483647
1298,2147483647
2475,2147483647
1850,2147483647
5222,2147483647
1707,2147483647
1348,2147483647
5055,2147483647
4955,2147483647
5397,2147483647
5742,2147483647
3507,2147483647
4822,2147483647
1675,2147483647
1973,2147483647
4642,2147483647
2587,2147483647
3328,2147483647
3550,2147483647
2507,2147483647
3504,2147483647
3680,2147483647
3956,2147483647
3524,2147483647
4590,2147483647
3067,2147483647
1638,2147483647
5454,2147483647
2390,2147483647
1912,2147483647
4446,2147483647
3732,2147483647
2637,2147483647
1261,2147483647
4610,2147483647
3103,2147483647
4867,2147483647
5200,2147483647
4325,2147483647
6011,2147483647
2971,2147483647
486,2147483647
4819,2147483647
2702,2147483647
105,2147483647
1105,2147483647
107,2147483647
1179,2147483647
4604,2147483647
3410,2147483647
5120,2147483647
2410,2147483647
2444,2147483647
726,2147483647
5097,2147483647
4682,2147483647
3713,2147483647
4379,2147483647
2280,2147483647
1200,2147483647
2461,2147483647
5477,2147483647
3042,2147483647
5218,2147483647
2965,2147483647
4855,2147483647
1659,2147483647
848,2147483647
3768,2147483647
3418,2147483647
3935,2147483647
2677,2147483647
22,2147483647
3347,2147483647
5975,2147483647
4741,2147483647
4282,2147483647
2773,2147483647
2479,2147483647
426,2147483647
5826,2147483647
2807,2147483647
2060,2147483647
4641,2147483647
2236,2147483647
5439,2147483647
2167,2147483647
5318,2147483647
1553,2147483647
3687,2147483647
2912,2147483647
2040,2147483647
1871,2147483647
521,2147483647
3966,2147483647
1702,2147483647
4986,2147483647
4341,2147483647
1583,2147483647
3309,2147483647
1102,2147483647
5395,2147483647
2456,2147483647
899,2147483647
1462,2147483647
468,2147483647
5175,2147483647
4659,2147483647
4502,2147483647
2501,0
1467,2147483647
999,2147483647
118,2147483647
2974,2147483647
4189,2147483647
2570,2147483647
6000,2147483647
506,2147483647
5849,2147483647
3594,2147483647
2932,2147483647
1565,2147483647
5528,2147483647
4560,2147483647
206,2147483647
319,2147483647
2580,2147483647
3846,2147483647
4064,2147483647
5661,2147483647
1893,2147483647
4022,2147483647
20,2147483647
5677,2147483647
1898,2147483647
2468,2147483647
5786,2147483647
3922,2147483647
3398,2147483647
1050,2147483647
17,2147483647
3772,2147483647
1946,2147483647
2099,2147483647
4053,2147483647
5316,2147483647
4397,2147483647
4131,0
1457,2147483647
4939,2147483647
5170,2147483647
4098,2147483647
5061,2147483647
2760,2147483647
1590,2147483647
1532,2147483647
462,2147483647
922,2147483647
104,2147483647
1383,2147483647
2070,2147483647
5905,2147483647
2452,2147483647
5545,2147483647
4429,2147483647
4257,0
729,2147483647
4657,2147483647
4092,2147483647
1842,2147483647
2409,2147483647
4598,2147483647
1418,2147483647
2063,2147483647
6002,2147483647
4820,2147483647
2771,2147483647
227,2147483647
5351,2147483647
5716,2147483647
2349,2147483647
1465,2147483647
2493,2147483647
434,2147483647
2977,2147483647
4210,2147483647
4256,2147483647
653,2147483647
3637,2147483647
1585,2147483647
5078,2147483647
4271,2147483647
2415,2147483647
1731,2147483647
1923,2147483647
1221,2147483647
844,2147483647
1,2147483647
3157,2147483647
5425,2147483647
4814,2147483647
1773,2147483647
4056,2147483647
4959,2147483647
2747,2147483647
941,2147483647
4784,2147483647
2538,2147483647
2660,2147483647
2371,2147483647
3413,2147483647
1125,2147483647
4884,2147483647
1730,2147483647
3954,2147483647
283,2147483647
4885,2147483647
3345,2147483647
2211,2147483647
1417,2147483647
3482,2147483647
2085,2147483647
4750,2147483647
1349,2147483647
2157,2147483647
5314,2147483647
4337,2147483647
3729,2147483647
1851,2147483647
1987,2147483647
1071,2147483647
2682,2147483647
4120,2147483647
5616,2147483647
672,2147483647
856,2147483647
4217,2147483647
5323,2147483647
5910,2147483647
4050,2147483647
2888,2147483647
4833,2147483647
2147,2147483647
1151,2147483647
103,2147483647
3143,2147483647
4997,2147483647
4728,0
1118,2147483647
5108,2147483647
4889,2147483647
2819,2147483647
2906,2147483647
2886,2147483647
2140,2147483647
4328,2147483647
4160,2147483647
4842,2147483647
5988,2147483647
3616,2147483647
1863,2147483647
2671,0
5363,2147483647
1085,2147483647
11,2147483647
2252,2147483647
3276,2147483647
5843,2147483647
198,2147483647
143,2147483647
3275,2147483647
2923,2147483647
2220,2147483647
5092,2147483647
3601,2147483647
2821,2147483647
141,2147483647
5792,2147483647
2205,2147483647
4493,2147483647
1197,2147483647
1423,2147483647
4793,2147483647
4498,2147483647
1918,2147483647
5759,2147483647
4948,2147483647
5039,2147483647
2146,2147483647
1014,2147483647
996,2147483647
2096,2147483647
762,2147483647
2688,2147483647
2306,2147483647
3707,2147483647
3648,2147483647
4184,2147483647
866,2147483647
2348,2147483647
4698,2147483647
340,2147483647
286,2147483647
3420,2147483647
2184,2147483647
4332,2147483647
3220,2147483647
3344,2147483647
1186,2147483647
1514,0
2368,2147483647
3394,2147483647
5137,2147483647
2869,2147483647
138,2147483647
1547,2147483647
4645,2147483647
2513,2147483647
367,2147483647
5135,2147483647
1566,2147483647
3527,2147483647
1278,2147483647
1258,2147483647
633,2147483647
3383,2147483647
3236,2147483647
5080,2147483647
2486,2147483647
1816,2147483647
3958,2147483647
1136,2147483647
5298,2147483647
5984,2147483647
4881,2147483647
1720,2147483647
4504,2147483647
3782,2147483647
3439,2147483647
4230,2147483647
3920,2147483647
3106,2147483647
452,2147483647
270,2147483647
4695,2147483647
1351,2147483647
68,2147483647
4249,2147483647
1397,2147483647
1311,2147483647
5147,2147483647
1171,2147483647
6016,2147483647
2989,2147483647
4345,2147483647
2428,2147483647
3074,2147483647
2279,2147483647
3737,2147483647
2802,2147483647
4658,2147483647
4475,2147483647
3880,2147483647
4640,2147483647
4109,2147483647
2806,2147483647
3490,2147483647
3794,2147483647
4880,2147483647
1425,2147483647
3952,2147483647
4403,2147483647
157,2147483647
4300,2147483647
1810,2147483647
5481,2147483647
2000,2147483647
927,2147483647
1721,2147483647
4623,2147483647
3755,2147483647
512,2147483647
1330,2147483647
500,2147483647
986,2147483647
2207,2147483647
1029,2147483647
242,2147483647
4921,2147483647
3342,2147483647
4883,2147483647
576,2147483647
3300,2147483647
4964,2147483647
5650,2147483647
3907,2147483647
154,2147483647
3446,2147483647
1531,2147483647
5339,2147483647
5560,2147483647
1340,2147483647
2505,2147483647
2005,2147483647
3234,2147483647
75,2147483647
4995,2147483647
4168,2147483647
151,2147483647
2271,2147483647
2253,2147483647
3825,2147483647
4302,2147483647
5828,2147483647
601,2147483647
5878,2147483647
4199,2147483647
4969,2147483647
5283,2147483647
2298,2147483647
248,2147483647
3684,2147483647
5817,2147483647
5550,2147483647
5790,2147483647
2764,2147483647
1041,2147483647
5333,2147483647
4603,2147483647
2282,2147483647
1451,2147483647
5292,2147483647
3483,2147483647
4485,2147483647
3741,2147483647
3797,2147483647
279,2147483647
3968,2147483647
1872,2147483647
4909,2147483647
3619,2147483647
869,2147483647
1354,2147483647
3631,2147483647
1571,2147483647
3979,2147483647
4721,0
1699,2147483647
5818,2147483647
252,2147483647
2182,2147483647
4470,2147483647
1562,2147483647
2003,2147483647
1285,2147483647
1355,2147483647
2303,2147483647
5989,2147483647
244,2147483647
44,2147483647
5769,2147483647
5761,2147483647
3542,2147483647
1953,2147483647
4297,2147483647
4331,2147483647
30,2147483647
4494,2147483647
711,2147483647
969,2147483647
659,2147483647
2484,2147483647
3017,2147483647
3406,2147483647
4279,2147483647
1002,2147483647
3416,2147483647
3421,2147483647
3518,2147483647
1361,2147483647
1913,2147483647
1925,2147483647
3531,2147483647
2448,2147483647
4619,2147483647
2599,2147483647
1882,2147483647
1443,2147483647
5706,2147483647
4266,2147483647
4751,2147483647
2345,2147483647
289,2147483647
4472,2147483647
2833,2147483647
5360,0
4459,2147483647
3169,2147483647
3996,2147483647
5445,2147483647
4179,2147483647
3202,2147483647
4366,2147483647
4931,2147483647
2154,2147483647
3912,2147483647
3897,2147483647
1821,2147483647
5158,2147483647
2217,2147483647
4495,1108666919
2351,1109666908
4445,1115666908
1861,1108666905
772,1108666917
1096,1108666905
5060,1115666911
1380,1108666910
1333,1108666922
4783,1115666909
2465,1109666907
2774,1111666908
5,1115666911
702,1108666917
3459,1114666905
2117,1108666921
5255,1115666913
5907,1115666917
2350,1109666908
2727,1111666909
3765,1114666909
2347,1109666908
4247,1115666907
2972,1114666907
5034,1115666911
178,1108666918
2186,1108666921
4935,1115666911
1661,1108666917
1326,1108666920
1444,1108666910
4054,1114666909
1680,1108666909
5104,1115666911
2471,1109666907
337,1108666905
679,1108666906
5226,1115666915
2603,1109666907
1483,1108666909
4280,1115666908
3795,1114666907
4449,1115666908
3334,1114666907
5746,1115666916
1868,1108666905
5188,1115666911
5531,1115666914
3152,1114666905
2467,1109666907
3757,1114666907
4756,1115666909
2102,1108666921
1461,1108666909
3753,1114666905
1343,1108666922
764,1108666917
2165,1108666921
324,1108666905
2737,1111666909
4522,1115666910
4773,1115666909
1072,1108666905
2251,1108666916
5372,1115666914
411,1108666905
532,1108666908
4079,1115666906
4167,0
3200,1114666906
253,1108666918
4871,1115666911
1092,1108666906
1857,1108666919
1275,1108666922
4394,1115666908
3040,1114666907
3689,1114666907
2567,1109666909
662,1108666908
3378,1114666907
5107,1115666911
912,1108666905
2610,1109666909
1090,1108666906
2812,1111666908
3056,1114666907
3464,1114666905
3663,1114666907
4173,0
3012,1114666907
2544,1109666909
5559,1115666914
1009,1108666908
942,1108666906
1719,1108666919
3916,1114666908
676,1108666908
1336,1108666922
2285,1108666916
2793,1111666908
5463,1115666914
207,1108666918
3263,1114666907
331,1108666905
1717,1108666919
499,1111666909
2545,1109666909
1264,1108666908
701,1108666917
3525,1114666905
2964,1114666906
3425,1114666908
3226,1114666906
238,1108666918
5355,1115666915
1753,1108666922
2250,1108666916
3389,1114666907
725,1108666917
5684,1115666914
516,1108666905
1272,1108666920
2795,1111666908
771,1108666917
1716,1108666919
2751,1111666908
2394,1109666907
4358,1115666907
3058,1114666907
5303,1115666914
27,1108666906
4002,1114666909
2716,1111666909
4795,1115666909
5428,1115666914
4243,1115666907
2858,1113666906
1421,1108666910
2273,1108666916
3356,1114666907
2473,1109666907
3915,1114666908
2388,1109666907
396,1108666905
6012,1115666910
660,1108666908
4945,1115666911
1246,1108666908
4314,1115666907
3676,1114666907
140,1108666918
26,1108666906
766,1108666917
4101,1115666906
2782,1113666906
4648,1115666910
2814,1113666906
4703,1115666909
5111,1115666911
2578,1109666909
202,1108666917
4390,1115666908
1639,1108666909
2593,1109666909
3340,1114666907
719,1108666917
3564,1114666907
4812,1115666909
4010,1114666909
1592,1108666911
5931,1115666917
1019,1108666908
2670,1109666909
3540,1114666905
3084,1114666907
2563,1109666909
4963,1115666911
5334,1115666914
730,1108666917
5011,0
5373,1115666914
2214,1108666916
3480,1114666905
4269,1115666906
1190,1108666908
4344,1115666907
1922,1108666906
815,1108666917
4998,1115666911
695,1108666918
1980,1108666907
2325,1108666916
2529,1109666908
4103,0
4768,1115666909
5009,1115666911
753,1108666917
686,1108666918
4466,1115666908
510,1108666905
4062,1115666906
2201,1108666921
749,1108666917
783,1108666917
2744,1111666909
145,1108666918
4288,1115666906
3945,1114666908
2944,1108666921
4018,1114666909
4990,1115666911
1522,1108666911
2653,1109666907
2161,1108666922
5695,1115666911
4461,1115666908
2582,1109666907
5494,1115666914
3153,1114666905
903,1108666905
2608,0
3658,1114666907
1389,1108666910
4305,1115666907
1612,1108666911
5707,1115666914
2248,1108666916
5727,1115666914
1750,1108666919
1206,1108666908
5688,1115666914
6010,1115666910
5126,1115666911
2847,1113666906
4026,1114666909
4744,1115666911
3727,1114666905
4740,1115666910
1093,1108666905
1784,1108666922
4317,1115666907
4906,1115666910
439,1108666905
1876,1108666905
3536,1114666908
4791,1115666909
4334,1115666907
1466,1108666909
5401,1115666914
4897,1115666910
3422,1114666908
525,1108666908
328,1108666905
2823,1113666906
2483,1109666907
2289,1108666916
1833,1108666907
1998,1108666909
1643,1108666917
998,1108666906
857,0
3156,1114666905
1859,1108666905
2667,1109666909
4090,1115666906
1028,1108666905
5046,1115666911
4508,1115666910
1430,1108666910
3448,1114666905
5896,1115666917
1115,1108666917
2996,1114666907
164,1108666919
3677,1114666907
685,1108666918
3867,1114666908
5797,1115666916
3112,1114666905
80,1108666919
1447,1108666909
4611,1115666910
4613,1115666910
2565,1109666909
5488,1115666914
3969,1114666907
4238,1115666907
1469,1108666909
1507,1108666909
2457,1109666907
5082,1115666911
3,1108666921
1123,1108666917
4836,1115666909
1552,1108666910
6007,1115666910
2523,1109666909
2948,1108666921
1411,1108666910
3396,1114666907
3942,1114666907
5180,1115666911
4208,1115666907
1286,1108666922
2163,1108666921
4831,1115666909
3529,1114666908
2986,1114666907
3182,1114666907
4263,1115666907
4551,1115666910
5307,1115666914
438,1108666905
2659,1109666909
4864,1115666911
1839,1108666919
2164,1108666915
2541,1109666909
924,1108666905
2753,1111666908
4550,1115666909
3405,1114666905
2522,1109666909
5429,1115666914
1263,1108666908
5631,1115666914
1939,1111666908
496,1111666909
5058,1115666911
5050,1115666911
5492,1115666914
2216,1108666916
5448,1115666914
1557,1108666910
5129,1115666911
2188,1108666921
4556,1115666910
2882,1114666907
2191,1108666921
3487,1114666908
3983,1114666909
760,1108666917
2867,1113666906
1626,1108666910
2150,1108666921
705,1108666917
5189,1115666911
2662,1108666908
5327,1115666914
1189,1108666908
3408,1114666907
4824,1115666909
2324,1108666916
5509,1115666914
3984,1114666909
4117,1115666907
2631,1109666907
110,1108666917
5535,1115666914
3678,1114666907
2719,1111666909
494,1111666909
3256,1114666905
3655,1114666907
4778,1115666909
5691,1115666914
3670,1114666907
5529,1115666914
1887,1108666905
4622,1115666910
2981,1114666907
1126,1108666917
834,1108666917
5846,1115666914
847,1108666917
4739,1115666910
1969,1108666907
4016,1114666909
4656,1115666910
431,1108666905
4323,1115666907
1127,1108666917
2705,1111666909
2458,1109666907
5694,1115666911
529,1108666908
4125,1115666907
1235,1108666908
3451,1114666905
5365,1115666914
489,1111666909
119,1108666918
4008,1114666909
5212,1115666911
5038,1115666911
1647,1108666909
5597,1115666914
2825,1113666906
2845,1113666906
615,1108666907
3092,1114666907
761,1108666917
3374,1114666907
4370,1115666909
3365,1114666907
4994,1115666911
93,1108666919
4020,1114666909
1165,1108666917
838,1108666917
5144,1115666911
333,1108666905
2713,1111666909
1534,1108666910
2449,1109666907
2259,1108666916
2370,1109666907
1917,1108666907
3538,1114666905
5268,1115666914
3189,1114666906
2261,1108666916
73,1108666919
2566,1109666909
1488,1108666909
4322,1115666907
48,1115666907
1685,1108666909
2594,1109666907
1708,1108666920
5611,1115666914
5871,1115666914
4896,1115666910
1209,1108666908
5336,1115666914
3454,1114666905
4292,1115666907
5523,1115666914
5789,1115666916
2177,1108666921
714,1108666917
4893,1115666910
4432,1115666908
2966,1114666906
5712,1115666915
3273,1114666907
2992,1114666907
4373,1115666908
4369,1115666908
1130,1108666917
880,1108666905
1927,1108666905
4937,1115666911
2820,1113666906
359,1108666905
2556,1109666909
3902,1114666907
1407,1108666910
4670,1115666909
2784,1111666908
1441,1108666910
3080,1114666907
648,1108666908
812,1108666917
246,1108666918
2204,1108666907
2466,1109666907
353,1108666905
2382,1109666907
4764,1115666909
4943,1115666911
5648,1115666914
1818,1108666909
3976,1114666907
5287,1115666914
5936,0
3399,1114666907
3904,1114666908
4006,1114666909
3333,1114666907
5985,1115666910
4483,1115666908
5229,1115666913
2215,1108666916
4399,1115666908
5628,1115666914
1076,1108666906
5475,1115666914
59,1108666919
4846,1115666911
3424,1114666905
160,1108666919
2065,1108666908
3548,1114666905
4301,1115666907
5660,1115666914
2447,1109666907
2427,1109666907
4121,1115666907
5003,1115666911
4456,1115666908
1249,1108666908
4654,1115666910
3237,1114666905
3044,1114666907
1341,1108666922
3214,1114666906
4315,1115666907
129,1108666918
1627,1108666909
1196,1108666908
249,1108666918
603,1108666907
4595,1115666908
1302,1108666920
2673,1109666908
1513,1108666911
5444,1115666914
947,1108666906
4616,1115666910
4304,1115666907
2857,1113666906
4608,1115666910
5637,1115666914
828,1108666917
2884,1114666906
1695,1108666910
3493,1114666907
3216,1114666906
709,1108666917
1899,1108666905
1524,1108666910
1320,1108666920
3473,1114666905
2420,0
2482,1109666907
737,1108666917
5344,1115666914
347,1108666905
3114,1114666905
5337,1115666914
5767,1115666917
5087,1115666911
5755,0
1095,1108666905
315,1108666905
5178,1115666911
1505,1108666909
655,1108666908
1728,1108666919
4138,1115666907
4313,1115666907
2903,1114666906
2126,1108666921
2287,1108666916
502,1111666909
2561,1109666909
2124,1108666921
2249,1108666909
5794,1115666915
4506,1115666910
3944,1114666908
2725,1111666909
4621,1115666910
2305,1108666916
4463,1115666908
635,1108666907
920,1108666905
1216,1108666908
5728,1115666914
2212,1108666916
5934,-169856343
1432,1108666910
1870,1108666906
2706,1111666909
5102,1115666911
2927,1114666906
713,1108666917
4073,1115666906
2674,1109666909
3672,1114666907
4180,1115666907
1440,1108666910
4371,1115666908
5865,1115666914
2691,1111666909
472,1111666909
3097,1114666905
2411,1109666907
1290,1108666920
3702,1114666905
4181,1115666907
4597,1115666910
2244,1108666916
1632,1108666909
2175,1108666921
668,1108666908
5512,1115666914
3871,1114666908
3027,1114666907
3666,1114666907
5901,1115666917
1829,1108666906
5737,1115666914
37,1115666907
770,1108666917
3959,1114666907
4870,1115666911
807,1108666917
4954,1115666911
811,1108666917
1508,1108666909
4318,1115666907
146,1108666918
3032,1114666907
2537,1109666909
5571,1115666914
2160,1108666921
2036,1108666907
1147,1108666917
4968,1115666911
5113,1115666911
5057,1115666911
598,1108666907
3787,1114666907
2392,0
3623,1114666907
6,1115666912
1187,1108666908
5043,1115666911
3470,1114666905
907,1108666905
704,1108666917
2804,1111666908
1712,1108666918
4222,1115666906
628,1108666907
3650,1114666907
5952,0
5442,1115666914
4829,1115666909
1392,1108666910
3351,1114666907
5413,1115666914
1087,1108666905
3544,1114666905
5674,1115666914
408,1108666905
174,1108666918
5943,1115666915
3219,1114666906
1919,1108666907
4225,1115666906
2629,1109666909
876,1108666905
868,1108666917
755,1108666917
2530,1109666909
3278,1114666905
414,1108666905
4732,1115666909
3349,1114666907
435,1108666905
2997,1114666907
4845,1115666911
3895,1114666907
5917,1115666917
544,1108666908
24,1108666906
3960,1114666907
92,1108666919
5324,1115666914
1304,1108666920
5227,1115666913
2481,1109666907
4687,1115666909
2035,1108666907
4605,1115666910
5072,1115666911
1812,1108666909
5157,1115666911
4596,1115666910
2311,1108666909
4188,1115666907
1089,1108666906
1363,1108666910
3014,1114666907
99,1108666919
3293,1114666905
2811,1111666908
873,1108666905
4330,1115666907
1037,1108666905
3807,1114666907
5763,1115666915
240,1108666918
2224,1108666916
2792,1111666908
3337,1114666907
2648,1109666907
3953,1114666908
1873,1108666906
4335,1115666907
4267,1115666907
2993,1114666907
639,1108666907
1024,1108666908
4625,1115666910
2237,1108666916
4396,1115666908
6013,1108666919
4102,1115666906
71,1108666919
1121,1108666917
1490,1108666909
1260,1108666908
5053,1115666911
247,1108666918
3139,1114666907
3240,1114666905
1435,1108666910
4440,1115666908
5799,1115666915
559,1108666908
5784,1115666915
4888,1115666910
1700,1108666909
3023,1114666907
5030,1115666911
5543,1115666914
4360,1115666908
3476,1114666905
768,1108666917
2353,1108666905
3511,1114666905
1846,1108666919
5274,1115666913
4490,1115666908
1439,1108666910
4821,1115666909
1502,1108666909
56,1108666919
1874,1108666905
5998,1115666910
3543,1114666905
2284,1108666916
3428,1114666905
4473,1115666908
4684,1115666909
5923,1115666917
5915,1115666917
4086,1115666907
5919,1115666917
710,1108666917
1296,1108666920
7,1108666905
338,1108666905
4296,1115666907
316,1108666905
4667,1115666909
5806,1115666915
1729,1108666919
3324,1114666905
4539,1115666910
3229,1114666906
4194,1115666906
1867,1108666905
2586,1109666909
556,1108666908
1454,1108666909
1345,1108666922
1404,1108666910
3917,1114666907
767,1108666917
1920,1108666906
1903,1108666905
2817,1113666906
5243,1115666913
871,1108666905
5286,1115666914
2942,1108666921
5024,1115666911
2302,1108666916
2639,0
1481,1108666909
4839,1115666909
3181,1114666907
5566,1115666914
1033,1108666905
5809,1115666918
2442,1109666907
1486,1108666909
2194,1108666921
5309,1115666914
380,1108666905
5263,1115666913
2854,1113666906
2524,1109666909
733,1108666917
684,1108666918
1820,1108666907
3125,1114666905
5840,1115666918
3750,1114666905
2851,1113666906
288,1108666919
3411,1114666907
2203,1108666921
5247,1115666913
5085,1115666911
2788,1111666908
1240,1108666908
1588,1108666911
1666,1108666916
5159,1115666911
4,1115666911
3994,1114666909
1494,1108666909
4364,1115666907
5855,1115666914
5048,1115666911
3377,1114666907
2383,1109666907
83,1108666918
3692,1114666907
5211,1115666911
4987,1115666911
1529,1108666910
5059,1115666911
2380,1109666907
1743,1108666919
2396,1109666907
1174,1108666905
742,1108666917
3995,1114666909
2550,1109666909
2585,1109666909
4122,1115666907
2527,1109666909
1570,1108666911
5861,1115666914
217,1108666917
3939,1114666907
798,1108666917
2354,1108666905
1759,1108666922
3927,1114666907
5730,1115666914
1393,1108666910
2372,1109666907
4355,1115666907
5713,1115666914
1976,1108666907
2526,1109666909
1714,1108666918
5681,1115666914
4458,1115666908
4065,1115666906
2980,1114666907
40,1115666907
2395,1109666907
1683,1108666909
2319,1108666916
4666,1115666909
2601,1109666907
4096,1115666906
2951,0
3940,1114666907
5990,1115666910
703,1108666917
582,1108666907
1672,1108666917
443,1108666905
5191,1115666911
4745,1115666910
2294,1108666916
2517,1109666909
1116,1108666917
3462,1114666905
4710,0
5679,1115666914
5151,1115666911
1865,1108666905
4827,1115666909
9,1108666905
3069,1114666907
6003,1115666910
1262,1108666908
3659,1114666907
4241,1115666908
5224,1115666916
1403,1108666910
2142,1108666921
3932,1114666907
1428,1108666910
2010,1108666907
3435,1114666905
2651,1109666907
4410,1115666908
65,1108666919
4961,1115666911
2883,1114666907
2246,1108666916
3884,1114666907
3130,1114666905
3036,1114666907
4503,1115666910
299,1108666905
257,1108666918
4674,1115666909
4070,1115666906
3127,1114666905
5466,1115666914
1551,1108666910
1995,1108666909
842,1108666917
5600,1115666914
4799,1115666909
5037,1115666911
5077,1115666911
2326,1108666915
3934,1114666907
199,1108666917
2417,1109666909
2425,1109666909
674,1108666908
2839,1113666906
4306,1115666907
1064,1108666905
4310,1115666907
1559,1108666910
4004,1114666909
3947,1114666908
3088,1114666907
2559,1109666909
5778,1115666916
2711,1111666909
3251,1114666905
5614,1115666914
962,1108666906
210,1108666919
5404,1115666914
3204,1114666906
4024,1114666909
5266,1115666914
4151,1115666906
2656,1109666909
5173,1115666911
5935,-169856343
3691,1114666907
4262,1115666906
5863,1115666914
2181,1108666921
4276,1115666907
4324,1115666907
972,1108666906
5515,1115666914
383,1108666905
168,1108666918
467,1111666909
1327,1108666922
4353,1115666907
2242,1108666916
4333,1115666907
4891,1115666910
430,1108666905
3839,1114666907
2917,1114666906
3576,1114666907
4244,1115666907
321,1108666905
113,1108666917
751,1108666917
4299,1115666907
4395,1115666908
4892,1115666910
1576,1108666910
2397,1109666907
4211,1115666909
611,1108666907
1533,1108666910
1097,1108666917
5368,1115666914
228,1108666918
2223,1108666916
793,1108666920
422,1108666905
2171,1108666921
5796,1115666917
694,1108666918
4477,1115666908
2676,1109666909
1140,1108666917
1074,1108666905
4391,1115666908
5928,1115666917
5289,1115666914
3270,1114666907
3739,1114666905
5860,1115666914
4112,1115666907
4251,1115666908
5366,1115666914
2596,1109666909
5167,1115666911
4568,1115666910
2924,1114666906
3001,1114666907
739,1108666917
1346,1108666922
629,1108666907
4202,1115666906
1141,1108666917
2694,1111666909
1082,1108666905
1234,1108666908
4233,1115666907
2590,1109666907
1350,1108666920
1053,1108666905
5762,1115666915
4206,1115666907
5824,1115666915
4908,1115666910
4240,1115666907
1921,1108666906
5322,1115666914
5812,1115666915
5252,1115666913
3385,1114666907
3886,1114666907
3554,1114666905
1945,1108666918
5939,1115666918
287,1108666919
1749,1108666919
4242,1115666907
5609,1115666914
1499,1108666909
2907,1114666906
3943,1114666907
3390,1114666907
3010,1114666907
1047,1108666905
4416,1115666908
5793,1115666916
2229,1108666916
3402,1114666907
3778,1114666909
2499,1109666909
1478,1108666909
163,1108666919
1837,1108666907
835,1108666917
2308,1108666916
5581,1115666914
802,1108666917
237,1108666918
5576,1115666911
2459,1109666907
2365,1109666907
1044,1108666905
2840,1108666905
5623,1115666914
5195,1115666911
1335,1108666922
5633,1115666914
4910,1115666910
3929,1114666907
4338,1115666907
1138,1108666917
1892,1108666905
3133,1114666905
2756,1111666908
49,1115666907
3336,1114666907
1399,1108666910
884,1108666905
3850,1114666907
5594,1115666914
5785,1115666916
4617,1115666910
1112,1108666917
3388,1114666907
2179,1108666921
25,1108666906
1648,1108666909
4547,1115666910
5538,1115666914
1496,1108666909
5216,1115666911
3872,1114666908
3761,1114666909
4926,1115666909
2412,1109666907
2881,1114666907
3788,1114666907
4401,1115666908
4789,1115666909
2245,1108666916
775,1108666917
4319,1115666907
1360,1108666920
2696,1111666909
1610,1108666911
3949,1114666908
3369,1114666907
3975,1114666907
3874,1114666907
2033,1108666907
2399,1109666907
565,1108666908
4437,1115666908
1607,1108666911
5098,1115666911
2375,1109666907
2162,1108666921
1909,1108666905
4843,1115666909
4933,1115666911
195,1108666918
266,1108666919
4204,1115666907
1537,1108666910
910,1108666905
800,1108666917
5479,1115666914
1088,1108666905
5927,1115666917
4191,1115666907
5419,1115666914
5086,1115666911
3253,1114666905
2209,1108666916
536,1108666908
3341,1114666907
966,1108666906
5332,1115666914
3792,1114666907
5835,1115666915
4774,1115666909
1704,1108666910
2542,1109666909
4348,1115666907
4471,1115666908
1414,1108666910
3047,1114666907
4834,1115666909
3809,1114666907
2463,1109666907
1366,1108666910
3516,1114666905
4832,1115666909
5225,1115666915
2313,1108666916
4706,1115666910
5725,1115666914
5997,1115666910
1819,1108666909
708,1108666917
1287,1108666922
5235,1115666913
4499,1115666908
2775,1111666908
2830,1113666906
4859,1115666911
1129,1108666917
3974,1114666907
2862,1113666906
5879,0
384,1108666905
2138,1108666920
4255,1115666907
3021,1114666907
3118,1114666905
778,1108666917
5236,1115666913
784,1108666917
3583,1114666907
5841,1115666915
4049,1114666909
1108,1108666917
4178,1115666906
1168,1108666905
3427,1114666905
1520,1108666911
1322,1108666920
4586,1115666910
1026,1108666908
2356,1108666905
1426,1108666910
2875,1114666906
306,1108666905
2243,1108666916
368,1108666905
750,1108666917
5696,1115666914
4966,1115666911
0,1108666917
3613,1114666907
2666,1109666909
4746,1115666909
3375,1114666907
4197,1115666906
2799,1111666908
5700,1115666914
3501,1114666907
2364,1109666907
5913,1115666917
5284,1115666912
2896,1114666906
4252,1115666908
1651,1108666909
4405,1115666908
148,1108666918
3697,1114666907
2192,1108666921
4316,1115666907
6008,1115666910
5367,1115666914
3232,1114666905
1669,1108666909
4489,1115666908
715,1108666917
2852,1113666906
3008,1114666907
4052,1114666909
3264,1114666907
5834,1115666915
4890,1115666910
1450,1108666909
5317,1115666914
5273,1115666914
596,1108666907
5820,1115666915
3272,1114666907
789,1108666920
2352,1108666905
4691,1115666912
5498,1115666914
4425,1115666908
852,1108666917
335,1108666905
780,1108666917
2936,1108666921
176,1108666918
3380,1114666907
3596,1114666907
4413,1115666908
1295,1108666920
939,1108666906
2762,1113666906
3403,1114666907
239,1108666918
241,1108666918
6017,0
170,1108666918
1175,1108666905
781,1108666917
2860,1113666906
5096,1115666911
740,1108666917
2576,1109666909
4140,1115666907
4329,1115666907
420,1108666905
830,1108666917
3561,1114666907
707,1108666917
2988,1114666907
2487,1109666907
2058,1108666908
5347,1115666914
514,1108666905
3085,1114666907
4037,1114666909
946,1108666906
3370,1114666907
4501,1115666910
4229,1115666906
3673,1114666907
230,1108666918
2260,1108666916
1032,1108666905
407,1108666905
4685,1115666909
101,1108666919
1299,1108666920
5398,1115666914
345,1108666905
5930,1115666917
1679,1108666909
4099,1115666906
428,1108666905
1232,1108666908
5874,-169856343
1436,1108666910
3381,1114666907
4034,1114666909
5280,1115666913
4336,1115666907
5929,1115666917
3811,1114666907
4651,1115666910
1814,1108666909
4719,1115666909
2600,1109666909
2990,1114666907
1636,1108666909
1825,1108666907
1584,1108666910
2300,1108666916
5264,1115666913
5573,1115666914
4850,1115666910
1184,1108666908
5285,1115666911
1991,1108666907
2634,1109666907
3736,1114666905
5482,1115666914
3780,1114666907
4895,1115666910
3835,1114666907
3268,1114666907
4962,1115666911
2406,1109666907
5556,1115666914
2769,1111666908
136,1108666918
3857,1114666907
3310,1114666905
2575,1109666907
5146,1115666911
1198,1108666908
4928,1115666911
116,1108666918
1535,1108666909
1464,1108666909
765,1108666917
5994,1115666910
3062,1114666907
2658,1109666909
2843,1113666906
2,1108666908
2798,1111666908
1059,1108666905
5103,1115666911
2460,1109666907
3041,1114666907
5732,1115666914
4639,1115666910
2536,1109666909
5213,1115666911
3194,1114666906
5302,1115666914
4886,1115666910
4500,1115666910
5693,1115666911
5520,1115666914
5705,1115666914
1608,1108666911
3034,1114666907
1424,1108666910
2733,1111666909
3841,1114666907
5604,1115666914
3925,1114666907
1358,1108666920
1853,1108666919
1303,1108666920
4592,1115666910
445,0
5867,1115666918
33,1115666907
696,1108666918
5403,1115666914
5319,1115666911
3321,1114666905
2355,1109666908
3987,1114666909
4083,1115666906
3679,1114666907
758,1108666917
3093,1114666907
743,1108666917
1387,1108666910
1017,1108666905
3900,1114666907
3192,1114666906
914,1108666905
4887,1115666910
3973,1114666907
2110,1108666921
149,1108666918
1370,1108666910
4254,1115666908
5541,1115666914
5548,1115666914
4163,1115666906
4419,1115666908
4588,1115666910
1382,1108666910
4663,1115666909
4340,1115666907
487,1108666905
1267,1108666922
3087,1114666907
1725,1108666919
2337,1108666916
5338,1115666915
4032,1114666907
756,1108666917
3468,1114666905
3433,1114666905
1878,1108666905
2230,1108666916
5596,1115666914
3587,1114666907
3161,1114666907
1915,1108666906
2405,1109666908
3260,1114666907
15,1108666906
3121,1114666905
4755,1115666909
5986,1115666910
698,1108666918
769,1108666917
3437,1114666905
3890,1114666907
5944,1115666914
410,1108666905
344,1108666905
4155,1115666906
4351,1115666907
2137,1108666920
4737,1115666910
3762,1114666909
1930,0
5052,1115666911
52,1115666907
735,1108666917
5641,1115666914
5349,1115666915
5405,0
2277,1108666916
1135,1108666917
5029,1115666911
3363,1114666907
1468,1108666909
4894,1115666910
4479,1115666908
1928,1108666905
53,1115666907
717,1108666917
3359,1114666907
4342,0
2450,1109666907
223,1108666917
4899,1115666910
3035,1114666907
5095,1115666911
3144,1114666905
3444,1114666908
5267,1115666914
3335,1114666907
2446,1109666907
2359,1109666907
2100,1108666921
1176,1108666905
3391,1114666907
3636,1114666907
5214,1115666911
1574,1108666911
2239,1108666916
18,1108666906
263,1108666919
349,1108666905
2827,1113666906
2488,1109666907
3063,1114666907
1628,1108666909
371,1108666905
731,1108666917
1400,1108666910
3724,1114666905
2780,1113666906
3442,1114666908
4580,1115666910
2979,1114666907
4289,1115666907
4362,1115666908
747,1108666917
4747,1115666909
5424,1115666914
2222,1108666916
2105,1108666921
1518,1108666911
3066,1114666907
3717,1114666905
4545,1115666910
2872,1114666906
236,1108666918
794,1108666917
4141,1115666906
4753,1115666909
3910,1114666908
180,1108666918
2748,1111666908
1386,1108666910
3053,1114666907
5006,1115666911
3004,1114666907
2984,1114666907
4981,0
4738,1115666910
4219,1115666906
3339,1114666907
3731,1114666905
2310,1108666916
5703,1115666914
5654,1115666914
1619,1108666911
5460,1115666914
2496,1109666908
3981,1114666909
1229,1108666908
2555,1109666909
5358,1115666915
2462,1109666907
2132,1108666920
256,1108666918
62,1108666919
243,1108666918
3372,1114666907
1283,1108666922
2312,1108666916
90,1108666918
4632,1115666910
77,1108666919
2754,1111666908
1314,1108666920
3175,1114666907
5253,1115666913
1212,1108666908
5508,1115666914
5590,1115666914
1191,1108666905
665,1108666908
265,1108666919
4200,1115666906
1616,1108666911
518,1108666908
2485,1109666907
106,1108666917
4593,1115666908
4237,1115666907
1476,1108666909
1100,1108666917
3326,1114666907
1353,1108666920
5440,1115666914
2801,1111666908
4848,1115666910
5773,1115666917
251,1108666918
2546,1109666909
2056,1108666908
3095,1114666907
745,1108666917
1824,1108666907
3574,1114666907
917,1108666905
284,1108666919
5294,1115666911
259,1115666907
5400,1115666914
2265,1108666916
1662,1108666917
2961,1108666921
4378,1115666909
3320,1114666905
5186,1115666911
5305,1115666912
4497,1108666919
5112,1115666911
2552,1109666909
1573,1108666911
2689,1111666908
2114,1108666921
2042,1108666908
4068,1115666906
888,1108666905
473,1111666909
5258,1115666914
205,1108666917
3430,1114666905
2699,1111666909
5602,1115666914
4057,1115666906
2357,1109666907
1056,1108666905
2734,1111666908
2469,1109666907
3721,1114666908
1885,1108666905
2715,1111666909
5063,1115666911
4452,1115666908
412,1108666905
2865,1113666906
897,1108666905
3999,1114666909
4736,1115666910
4974,1115666911
4844,1115666909
2905,1114666906
5801,1115666915
4941,1115666911
5487,1115666914
3556,1114666905
1446,1108666910
4028,1114666909
3779,1114666909
5620,1115666914
3833,1114666907
2723,1111666909
651,1108666908
3212,1114666906
818,1108666917
374,1108666905
4303,1115666907
4347,1115666907
3882,1114666907
121,1108666918
4128,1115666907
5719,1115666914
5239,1115666913
2892,1114666906
1997,1108666909
2511,1109666909
547,1108666908
3186,1114666907
4480,1115666908
2480,1109666907
4491,1115666908
4533,1115666910
5116,1115666911
14,1108666906
5906,1115666917
1886,1108666905
4275,1115666907
3050,1114666907
190,1108666918
4214,1115666909
5776,1115666916
2657,1109666909
3441,1114666908
3866,1114666907
5468,1115666914
152,1108666918
1084,1108666906
721,1108666917
2655,1109666909
4392,1115666908
4920,1115666910
3854,1114666907
369,1108666905
1644,1108666917
5090,1115666911
5249,1115666913
3643,1114666907
1214,1108666909
3813,1114666907
4352,1115666907
2155,1108666921
2174,1108666921
2514,1109666909
3147,1114666905
1156,1108666917
1298,1108666920
2475,1109666907
1850,1108666919
5222,1115666916
1707,1108666920
1348,1108666922
5055,1115666911
4955,1115666911
5397,1115666915
5742,1115666917
3507,1114666905
4822,1115666909
1675,1108666909
1973,1108666907
4642,1115666910
2587,1109666907
3328,1114666905
3550,1114666905
2507,1109666909
3504,1114666907
3680,1114666907
3956,1114666908
3524,1114666908
4590,1115666910
3067,1114666907
1638,1108666909
5454,1115666914
2390,1109666907
1912,1108666905
4446,1115666908
3732,1114666905
2637,1109666909
1261,1108666908
4610,1115666910
3103,1114666905
4867,1115666911
5200,1115666911
4325,1115666907
6011,1115666910
2971,1114666907
486,1111666909
4819,1115666909
2702,1111666909
105,1108666917
1105,1108666917
107,1108666917
1179,1108666905
4604,1115666910
3410,1114666907
5120,1115666911
2410,1109666907
2444,1109666907
726,1108666917
5097,1115666911
4682,1115666910
3713,1114666905
4379,1115666909
2280,1108666916
1200,1108666908
2461,1109666907
5477,1115666914
3042,1114666907
5218,1115666916
2965,1108666921
4855,1115666911
1659,1108666909
848,1108666917
3768,1114666909
3418,1114666908
3935,1114666907
2677,1111666908
22,1108666906
3347,1114666907
5975,1115666914
4741,1115666910
4282,1115666908
2773,1111666908
2479,1109666907
426,1108666905
5826,1115666918
2807,1111666908
2060,1108666908
4641,1115666910
2236,1108666916
5439,1115666914
2167,1108666921
5318,1115666914
1553,1108666910
3687,1114666907
2912,1114666906
2040,1108666908
1871,1108666906
521,1108666908
3966,1114666907
1702,1108666909
4986,1115666911
4341,1115666907
1583,1108666910
3309,1114666905
1102,1108666917
5395,1115666915
2456,1109666907
899,1108666905
1462,1108666909
468,1111666909
5175,1115666911
4659,1115666909
4502,1115666910
2501,0
1467,1108666909
999,1108666908
118,1108666918
2974,1114666907
4189,1115666907
2570,1109666909
6000,1108666919
506,1111666909
5849,1115666914
3594,1114666907
2932,1108666921
1565,1108666910
5528,1115666914
4560,1115666910
206,1108666917
319,1108666905
2580,1109666907
3846,1114666907
4064,1115666906
5661,1115666914
1893,1108666906
4022,1114666909
20,1108666906
5677,1115666914
1898,1108666906
2468,1109666907
5786,1115666916
3922,1114666907
3398,1114666907
1050,1108666905
17,1108666906
3772,1114666909
1946,1108666909
2099,1108666921
4053,1114666909
5316,1115666914
4397,1115666908
4131,0
1457,1108666909
4939,1115666911
5170,1115666911
4098,1115666906
5061,1115666911
2760,1111666908
1590,1108666910
1532,1108666910
462,1108666905
922,1108666905
104,1108666919
1383,1108666910
2070,1108666908
5905,1115666917
2452,1109666907
5545,1115666914
4429,1115666908
4257,0
729,1108666917
4657,1115666912
4092,1115666907
1842,1108666919
2409,1109666908
4598,1115666910
1418,1108666910
2063,1108666908
6002,1108666919
4820,1115666909
2771,1111666908
227,1108666917
5351,1115666915
5716,1115666914
2349,1109666908
1465,1108666909
2493,1109666908
434,1108666905
2977,1114666907
4210,1115666907
4256,1115666906
653,1108666908
3637,1114666907
1585,1108666910
5078,1115666911
4271,1115666907
2415,1109666908
1731,1108666919
1923,1108666907
1221,1108666908
844,1108666917
1,1108666917
3157,1114666905
5425,1115666914
4814,1115666909
1773,1108666920
4056,1114666909
4959,1115666911
2747,1111666908
941,1108666906
4784,1115666909
2538,1109666909
2660,1109666909
2371,1109666907
3413,1114666907
1125,1108666917
4884,1115666910
1730,1108666919
3954,1114666909
283,1108666919
4885,1115666910
3345,1114666907
2211,1108666916
1417,1108666910
3482,1114666908
2085,1108666908
4750,1115666909
1349,1108666920
2157,1108666921
5314,1115666914
4337,1115666907
3729,1114666905
1851,1108666918
1987,1108666907
1071,1108666908
2682,1111666908
4120,1115666907
5616,1115666914
672,1108666908
856,1108666917
4217,1115666909
5323,1115666916
5910,1115666917
4050,1114666909
2888,1114666906
4833,1115666909
2147,1108666921
1151,1108666917
103,1108666919
3143,1114666905
4997,1115666911
4728,0
1118,1108666917
5108,1115666911
4889,1115666910
2819,1113666906
2906,1114666906
2886,1114666906
2140,1108666921
4328,1115666907
4160,1115666906
4842,1115666909
5988,1115666910
3616,1114666907
1863,1108666905
2671,0
5363,1115666914
1085,1108666905
11,1108666905
2252,1108666916
3276,1114666907
5843,1115666917
198,1108666918
143,1108666918
3275,1114666907
2923,1114666906
2220,1108666916
5092,1115666911
3601,1114666907
2821,1113666906
141,1108666918
5792,1115666916
2205,1108666907
4493,1115666908
1197,1108666908
1423,1108666910
4793,1115666909
4498,1115666908
1918,1108666907
5759,1115666917
4948,1115666911
5039,1115666911
2146,1108666920
1014,1108666908
996,1108666906
2096,1108666922
762,1108666917
2688,1111666908
2306,1108666916
3707,1114666905
3648,1114666907
4184,1115666907
866,1108666917
2348,1109666908
4698,1115666909
340,1108666905
286,1108666919
3420,1114666908
2184,1108666921
4332,1115666907
3220,1114666906
3344,1114666907
1186,1108666908
1514,0
2368,1109666907
3394,1114666907
5137,1115666911
2869,1113666906
138,1108666918
1547,1108666910
4645,1115666910
2513,1109666909
367,1108666905
5135,1115666911
1566,1108666910
3527,1114666908
1278,1108666922
1258,1108666908
633,1108666906
3383,1114666907
3236,1114666905
5080,1115666911
2486,1109666907
1816,1108666909
3958,1114666908
1136,1108666917
5298,1115666914
5984,1115666908
4881,1115666910
1720,1108666919
4504,1115666910
3782,1114666907
3439,1114666908
4230,1115666907
3920,1114666907
3106,1114666905
452,1111666909
270,1108666918
4695,1115666909
1351,1108666920
68,1108666919
4249,1115666907
1397,1108666910
1311,1108666920
5147,1115666911
1171,1108666905
6016,1108666919
2989,1114666907
4345,1115666907
2428,1109666907
3074,1114666907
2279,1108666916
3737,1114666905
2802,1111666908
4658,1115666912
4475,1115666908
3880,1114666907
4640,1115666910
4109,1115666906
2806,1111666908
3490,1114666905
3794,1114666907
4880,1115666911
1425,1108666909
3952,1114666908
4403,1115666908
157,1108666919
4300,1115666907
1810,1108666922
5481,1115666914
2000,1108666909
927,1108666905
1721,1108666919
4623,1115666910
3755,1114666905
512,1108666905
1330,1108666922
500,1111666909
986,1108666905
2207,1108666916
1029,1108666905
242,1108666918
4921,1115666911
3342,1114666907
4883,1115666910
576,1108666906
3300,1114666905
4964,1115666911
5650,1115666914
3907,1114666908
154,1108666919
3446,1114666908
1531,1108666910
5339,1115666915
5560,1115666914
1340,1108666922
2505,1109666909
2005,1108666907
3234,1114666905
75,1108666919
4995,1115666911
4168,1115666907
151,1108666918
2271,1108666916
2253,1108666916
3825,1114666907
4302,1115666907
5828,1115666915
601,1108666906
5878,-169856343
4199,1115666906
4969,1115666911
5283,1115666913
2298,1108666916
248,1108666918
3684,1114666907
5817,1115666915
5550,1115666914
5790,1115666915
2764,1111666908
1041,1108666905
5333,1115666914
4603,1115666911
2282,1108666916
1451,1108666909
5292,1115666914
3483,1114666905
4485,1115666908
3741,1114666905
3797,1114666907
279,1108666918
3968,1114666907
1872,1108666906
4909,1115666910
3619,1114666907
869,1108666917
1354,1108666920
3631,1114666907
1571,1108666911
3979,1114666909
4721,0
1699,1108666910
5818,1115666918
252,1108666918
2182,1108666916
4470,1115666908
1562,1108666910
2003,1108666909
1285,1108666922
1355,1108666920
2303,1108666916
5989,1115666910
244,1108666918
44,1115666907
5769,1115666917
5761,1115666917
3542,1114666905
1953,1108666909
4297,1115666907
4331,1115666907
30,1108666906
4494,1115666908
711,1108666917
969,1108666906
659,1108666908
2484,1109666907
3017,1114666907
3406,1114666907
4279,1115666907
1002,1108666908
3416,1114666905
3421,1114666908
3518,1114666905
1361,1108666910
1913,1108666906
1925,1108666905
3531,1114666908
2448,1109666907
4619,1115666910
2599,1109666909
1882,1108666905
1443,1108666910
5706,1115666914
4266,1115666906
4751,1115666909
2345,1109666908
289,1108666905
4472,1115666908
2833,1113666906
5360,0
4459,1115666908
3169,1114666907
3996,1114666909
5445,1115666914
4179,1115666906
3202,1114666906
4366,1115666908
4931,1115666911
2154,1108666921
3912,1114666907
3897,1114666907
1821,1108666907
5158,1115666911
2217,1108666916
